               epoch,      train/box_loss,      train/obj_loss,      train/cls_loss,   metrics/precision,      metrics/recall,     metrics/mAP_0.5,metrics/mAP_0.5:0.95,        val/box_loss,        val/obj_loss,        val/cls_loss,               x/lr0,               x/lr1,               x/lr2
                   0,            0.061062,             0.02194,                   0,             0.83725,             0.87882,             0.92833,             0.58373,            0.029616,           0.0067733,                   0,           0.0033251,           0.0033251,            0.070074
                   1,            0.036021,             0.01234,                   0,             0.96037,             0.96176,             0.98214,             0.66324,            0.024615,           0.0051284,                   0,           0.0066365,           0.0066365,            0.040052
                   2,            0.032534,            0.010699,                   0,             0.96457,             0.94047,             0.97957,             0.68335,            0.021921,           0.0048415,                   0,           0.0099258,           0.0099258,            0.010008
                   3,            0.029213,             0.01008,                   0,             0.97474,             0.96554,             0.99133,             0.74619,            0.019207,           0.0041736,                   0,            0.009901,            0.009901,            0.009901
                   4,            0.026206,           0.0090524,                   0,             0.99045,             0.98706,             0.99415,             0.78641,            0.016575,           0.0038239,                   0,            0.009901,            0.009901,            0.009901
                   5,             0.02423,           0.0086242,                   0,             0.99098,             0.99396,             0.99437,             0.80213,            0.016613,           0.0036647,                   0,            0.009868,            0.009868,            0.009868
                   6,            0.023392,           0.0082168,                   0,              0.9974,             0.99283,              0.9945,             0.82459,            0.015817,           0.0034695,                   0,            0.009835,            0.009835,            0.009835
                   7,            0.022153,           0.0080013,                   0,             0.99225,             0.99569,             0.99457,             0.82265,             0.01571,           0.0034017,                   0,            0.009802,            0.009802,            0.009802
                   8,            0.021859,           0.0078311,                   0,             0.99282,             0.99655,              0.9949,             0.82841,            0.015259,           0.0033738,                   0,            0.009769,            0.009769,            0.009769
                   9,            0.021359,           0.0075207,                   0,             0.99652,             0.99741,             0.99477,             0.84062,            0.014422,           0.0033035,                   0,            0.009736,            0.009736,            0.009736
                  10,            0.020627,           0.0073733,                   0,             0.99452,             0.99655,             0.99469,             0.83338,            0.015049,           0.0033803,                   0,            0.009703,            0.009703,            0.009703
                  11,            0.020704,            0.007304,                   0,             0.99741,             0.99693,             0.99475,             0.84564,             0.01408,           0.0031497,                   0,             0.00967,             0.00967,             0.00967
                  12,            0.020144,           0.0071798,                   0,             0.99485,             0.99923,             0.99486,             0.84537,            0.014421,            0.003169,                   0,            0.009637,            0.009637,            0.009637
                  13,            0.019629,           0.0070673,                   0,             0.99475,             0.99741,             0.99466,             0.84654,            0.014168,           0.0032519,                   0,            0.009604,            0.009604,            0.009604
                  14,            0.019771,           0.0069354,                   0,              0.9962,             0.99569,             0.99478,             0.84927,            0.014492,           0.0031485,                   0,            0.009571,            0.009571,            0.009571
                  15,            0.018889,           0.0069684,                   0,             0.99655,              0.9974,              0.9949,             0.85965,            0.014178,           0.0030704,                   0,            0.009538,            0.009538,            0.009538
                  16,            0.018816,           0.0067839,                   0,             0.99615,             0.99827,             0.99493,             0.85774,            0.013768,           0.0030553,                   0,            0.009505,            0.009505,            0.009505
                  17,            0.018853,           0.0068247,                   0,             0.99797,             0.99914,             0.99483,             0.85405,            0.013813,           0.0030786,                   0,            0.009472,            0.009472,            0.009472
                  18,             0.01872,           0.0067739,                   0,              0.9953,             0.99655,             0.99487,             0.85377,            0.013835,           0.0031428,                   0,            0.009439,            0.009439,            0.009439
                  19,            0.018843,            0.006687,                   0,             0.99535,             0.99827,              0.9949,             0.85179,            0.013841,           0.0030414,                   0,            0.009406,            0.009406,            0.009406
                  20,            0.018284,           0.0066767,                   0,             0.99726,             0.99827,             0.99491,             0.86715,            0.013393,           0.0030584,                   0,            0.009373,            0.009373,            0.009373
                  21,            0.018029,           0.0066646,                   0,             0.99653,             0.99914,             0.99498,             0.84805,            0.013316,           0.0030043,                   0,             0.00934,             0.00934,             0.00934
                  22,            0.018307,           0.0065616,                   0,             0.99483,             0.99638,              0.9948,             0.86227,            0.013139,           0.0030074,                   0,            0.009307,            0.009307,            0.009307
                  23,            0.017997,           0.0064752,                   0,             0.99643,             0.99827,             0.99489,             0.86432,            0.013135,           0.0029475,                   0,            0.009274,            0.009274,            0.009274
                  24,            0.017775,           0.0064539,                   0,             0.99742,             0.99891,             0.99489,             0.86268,            0.013201,           0.0029598,                   0,            0.009241,            0.009241,            0.009241
                  25,            0.018016,           0.0063575,                   0,             0.99314,             0.99893,             0.99496,             0.87241,            0.012981,           0.0029586,                   0,            0.009208,            0.009208,            0.009208
                  26,            0.017858,           0.0064426,                   0,             0.99742,              0.9989,             0.99498,             0.86753,            0.013263,           0.0029456,                   0,            0.009175,            0.009175,            0.009175
                  27,            0.017636,           0.0064156,                   0,             0.99569,             0.99722,             0.99483,             0.86941,            0.012695,           0.0028974,                   0,            0.009142,            0.009142,            0.009142
                  28,            0.017429,           0.0064346,                   0,             0.99529,             0.99827,             0.99492,             0.87554,            0.012807,           0.0029221,                   0,            0.009109,            0.009109,            0.009109
                  29,            0.017273,           0.0062876,                   0,             0.99591,             0.99741,             0.99494,             0.87336,            0.012767,           0.0029324,                   0,            0.009076,            0.009076,            0.009076
                  30,            0.017181,           0.0061484,                   0,              0.9973,             0.99914,             0.99489,             0.88435,            0.012414,           0.0028765,                   0,            0.009043,            0.009043,            0.009043
                  31,            0.016958,            0.006262,                   0,             0.99689,             0.99914,             0.99489,              0.8747,             0.01272,           0.0028932,                   0,             0.00901,             0.00901,             0.00901
                  32,            0.017141,           0.0062184,                   0,             0.99724,             0.99914,             0.99491,              0.8768,            0.012701,           0.0029081,                   0,            0.008977,            0.008977,            0.008977
                  33,            0.017149,           0.0061014,                   0,             0.99643,             0.99914,             0.99481,             0.87785,             0.01261,           0.0028599,                   0,            0.008944,            0.008944,            0.008944
                  34,             0.01674,           0.0061237,                   0,             0.99725,             0.99914,             0.99493,             0.88148,            0.012645,           0.0028463,                   0,            0.008911,            0.008911,            0.008911
                  35,            0.016869,           0.0061578,                   0,             0.99731,             0.99914,             0.99483,             0.87823,            0.012428,           0.0028535,                   0,            0.008878,            0.008878,            0.008878
                  36,            0.016725,           0.0061187,                   0,             0.99772,             0.99914,             0.99494,             0.88296,            0.012272,           0.0027774,                   0,            0.008845,            0.008845,            0.008845
                  37,            0.016507,           0.0061917,                   0,             0.99727,             0.99914,             0.99493,              0.8867,            0.012572,           0.0028393,                   0,            0.008812,            0.008812,            0.008812
                  38,            0.016632,           0.0060971,                   0,              0.9972,             0.99914,             0.99492,             0.88177,            0.012432,           0.0028711,                   0,            0.008779,            0.008779,            0.008779
                  39,            0.016711,           0.0060692,                   0,             0.99793,                   1,             0.99494,             0.87572,            0.012836,           0.0029316,                   0,            0.008746,            0.008746,            0.008746
                  40,            0.016448,           0.0059934,                   0,             0.99731,             0.99914,             0.99496,               0.881,            0.012703,           0.0028769,                   0,            0.008713,            0.008713,            0.008713
                  41,            0.016556,            0.005948,                   0,             0.99731,             0.99914,             0.99494,             0.88441,            0.012422,           0.0028426,                   0,             0.00868,             0.00868,             0.00868
                  42,            0.016323,           0.0059672,                   0,             0.99721,             0.99914,             0.99489,             0.88609,            0.012155,           0.0028131,                   0,            0.008647,            0.008647,            0.008647
                  43,            0.016252,           0.0059677,                   0,             0.99648,             0.99827,             0.99495,             0.88844,            0.012284,           0.0028224,                   0,            0.008614,            0.008614,            0.008614
                  44,            0.016308,           0.0060245,                   0,             0.99742,             0.99905,              0.9949,             0.88554,            0.012424,           0.0028158,                   0,            0.008581,            0.008581,            0.008581
                  45,             0.01629,           0.0058961,                   0,             0.99818,                   1,             0.99482,             0.88664,            0.012124,           0.0028238,                   0,            0.008548,            0.008548,            0.008548
                  46,            0.016061,           0.0059361,                   0,             0.99732,             0.99914,              0.9949,             0.88684,            0.012187,           0.0027937,                   0,            0.008515,            0.008515,            0.008515
                  47,             0.01607,           0.0059032,                   0,             0.99729,             0.99914,             0.99497,             0.88834,            0.012278,            0.002825,                   0,            0.008482,            0.008482,            0.008482
                  48,            0.016326,           0.0059876,                   0,              0.9973,             0.99914,             0.99494,             0.88591,            0.012145,           0.0027982,                   0,            0.008449,            0.008449,            0.008449
                  49,            0.016095,           0.0058893,                   0,             0.99733,             0.99914,             0.99497,             0.89141,            0.012131,           0.0027923,                   0,            0.008416,            0.008416,            0.008416
                  50,            0.016049,           0.0059037,                   0,             0.99722,             0.99914,             0.99499,             0.89066,            0.012148,           0.0027834,                   0,            0.008383,            0.008383,            0.008383
                  51,            0.016007,           0.0058329,                   0,              0.9973,             0.99914,             0.99498,             0.89214,            0.011864,           0.0027477,                   0,             0.00835,             0.00835,             0.00835
                  52,            0.015849,            0.005821,                   0,             0.99729,             0.99914,             0.99495,             0.89588,            0.011947,           0.0027138,                   0,            0.008317,            0.008317,            0.008317
                  53,            0.016066,            0.005721,                   0,             0.99727,             0.99914,             0.99494,             0.89433,            0.011957,           0.0027596,                   0,            0.008284,            0.008284,            0.008284
                  54,            0.015746,           0.0057657,                   0,             0.99687,             0.99914,             0.99497,             0.89679,            0.011614,           0.0027077,                   0,            0.008251,            0.008251,            0.008251
                  55,             0.01583,           0.0058693,                   0,             0.99721,             0.99914,             0.99497,             0.89647,            0.011943,           0.0027145,                   0,            0.008218,            0.008218,            0.008218
                  56,            0.015626,           0.0057278,                   0,             0.99803,             0.99827,             0.99498,             0.89431,            0.011845,           0.0027088,                   0,            0.008185,            0.008185,            0.008185
                  57,            0.015994,           0.0057173,                   0,             0.99742,             0.99901,             0.99496,             0.89776,            0.011807,           0.0027362,                   0,            0.008152,            0.008152,            0.008152
                  58,            0.015749,           0.0056956,                   0,             0.99818,             0.99914,             0.99497,             0.89647,            0.011731,           0.0027077,                   0,            0.008119,            0.008119,            0.008119
                  59,            0.015705,           0.0057295,                   0,             0.99651,             0.99914,             0.99496,             0.89899,            0.011825,            0.002711,                   0,            0.008086,            0.008086,            0.008086
                  60,            0.015673,           0.0056515,                   0,             0.99812,                   1,             0.99495,             0.89859,            0.011848,           0.0027131,                   0,            0.008053,            0.008053,            0.008053
                  61,            0.015637,           0.0056994,                   0,             0.99734,             0.99914,             0.99482,             0.89932,            0.011821,            0.002689,                   0,             0.00802,             0.00802,             0.00802
                  62,            0.015636,           0.0057574,                   0,             0.99817,             0.99914,             0.99498,             0.89784,             0.01184,           0.0027254,                   0,            0.007987,            0.007987,            0.007987
                  63,            0.015607,           0.0056828,                   0,             0.99729,             0.99914,             0.99488,             0.89986,            0.011752,           0.0026683,                   0,            0.007954,            0.007954,            0.007954
                  64,            0.015493,           0.0056661,                   0,             0.99725,             0.99914,             0.99495,             0.89662,            0.011689,            0.002668,                   0,            0.007921,            0.007921,            0.007921
                  65,            0.015684,           0.0056652,                   0,             0.99729,             0.99914,             0.99493,             0.89593,            0.011655,           0.0027271,                   0,            0.007888,            0.007888,            0.007888
                  66,            0.015514,           0.0056823,                   0,             0.99729,             0.99914,             0.99494,             0.89783,            0.011627,           0.0027021,                   0,            0.007855,            0.007855,            0.007855
                  67,            0.015368,           0.0056585,                   0,             0.99817,             0.99914,             0.99493,             0.90251,            0.011574,           0.0026466,                   0,            0.007822,            0.007822,            0.007822
                  68,            0.015601,           0.0056519,                   0,             0.99727,             0.99914,             0.99496,             0.90213,            0.011394,           0.0026488,                   0,            0.007789,            0.007789,            0.007789
                  69,            0.015549,           0.0057069,                   0,             0.99732,             0.99914,             0.99498,              0.9015,            0.011405,           0.0026554,                   0,            0.007756,            0.007756,            0.007756
                  70,            0.015213,           0.0055316,                   0,             0.99813,                   1,             0.99497,             0.90387,            0.011617,           0.0026672,                   0,            0.007723,            0.007723,            0.007723
                  71,             0.01522,           0.0056395,                   0,             0.99733,             0.99914,             0.99497,             0.89836,             0.01172,           0.0026853,                   0,             0.00769,             0.00769,             0.00769
                  72,            0.015295,            0.005533,                   0,             0.99729,             0.99914,             0.99497,             0.90196,             0.01174,           0.0026463,                   0,            0.007657,            0.007657,            0.007657
                  73,            0.015265,           0.0056759,                   0,             0.99725,             0.99914,             0.99496,             0.90284,            0.011671,           0.0026432,                   0,            0.007624,            0.007624,            0.007624
                  74,            0.015108,           0.0056175,                   0,             0.99732,             0.99914,             0.99496,             0.90382,            0.011536,           0.0026299,                   0,            0.007591,            0.007591,            0.007591
                  75,            0.015092,           0.0056234,                   0,             0.99643,             0.99914,             0.99484,             0.90228,            0.011484,           0.0026478,                   0,            0.007558,            0.007558,            0.007558
                  76,            0.015175,           0.0054743,                   0,             0.99727,             0.99914,             0.99488,             0.90425,            0.011593,           0.0026617,                   0,            0.007525,            0.007525,            0.007525
                  77,            0.015149,           0.0056212,                   0,             0.99813,                   1,             0.99497,             0.90488,            0.011344,           0.0026347,                   0,            0.007492,            0.007492,            0.007492
                  78,            0.014936,           0.0055034,                   0,             0.99731,             0.99914,               0.995,             0.90779,            0.011331,           0.0026086,                   0,            0.007459,            0.007459,            0.007459
                  79,            0.015097,             0.00547,                   0,             0.99818,                   1,             0.99493,             0.90587,            0.011409,           0.0026516,                   0,            0.007426,            0.007426,            0.007426
                  80,            0.014961,            0.005606,                   0,             0.99813,                   1,             0.99476,             0.90595,            0.011375,           0.0026399,                   0,            0.007393,            0.007393,            0.007393
                  81,            0.015073,           0.0054309,                   0,             0.99817,                   1,             0.99496,             0.90521,            0.011315,            0.002637,                   0,             0.00736,             0.00736,             0.00736
                  82,            0.014981,           0.0054757,                   0,             0.99735,             0.99914,             0.99497,             0.90539,            0.011209,           0.0026495,                   0,            0.007327,            0.007327,            0.007327
                  83,            0.014848,           0.0055015,                   0,             0.99822,             0.99914,             0.99498,              0.9038,            0.011337,           0.0026424,                   0,            0.007294,            0.007294,            0.007294
                  84,            0.014933,           0.0055535,                   0,             0.99801,             0.99914,             0.99495,             0.90387,            0.011421,           0.0026549,                   0,            0.007261,            0.007261,            0.007261
                  85,             0.01493,            0.005394,                   0,             0.99741,             0.99914,             0.99498,             0.90331,            0.011387,           0.0026472,                   0,            0.007228,            0.007228,            0.007228
                  86,            0.014876,           0.0055479,                   0,             0.99823,             0.99914,             0.99499,             0.90553,            0.011251,             0.00262,                   0,            0.007195,            0.007195,            0.007195
                  87,            0.014683,           0.0054255,                   0,             0.99733,             0.99914,             0.99497,             0.90389,            0.011134,           0.0026148,                   0,            0.007162,            0.007162,            0.007162
                  88,             0.01455,           0.0053844,                   0,             0.99732,             0.99914,             0.99499,             0.90507,            0.011261,           0.0026297,                   0,            0.007129,            0.007129,            0.007129
                  89,            0.014865,           0.0054839,                   0,             0.99742,              0.9991,             0.99499,             0.90502,            0.011272,           0.0026129,                   0,            0.007096,            0.007096,            0.007096
                  90,            0.014762,           0.0054008,                   0,             0.99741,             0.99914,             0.99498,               0.905,            0.011263,           0.0026076,                   0,            0.007063,            0.007063,            0.007063
                  91,            0.014942,           0.0055078,                   0,              0.9974,             0.99914,             0.99497,             0.90422,            0.011182,           0.0026113,                   0,             0.00703,             0.00703,             0.00703
                  92,            0.014767,           0.0053819,                   0,             0.99733,             0.99914,             0.99498,             0.90652,            0.011164,            0.002604,                   0,            0.006997,            0.006997,            0.006997
                  93,            0.014708,           0.0054523,                   0,             0.99809,             0.99914,             0.99498,             0.90583,             0.01127,           0.0026122,                   0,            0.006964,            0.006964,            0.006964
                  94,            0.015036,           0.0054054,                   0,             0.99742,             0.99888,             0.99498,              0.9081,            0.011265,           0.0026032,                   0,            0.006931,            0.006931,            0.006931
                  95,            0.014577,           0.0053419,                   0,             0.99816,             0.99914,             0.99498,             0.90665,            0.011218,           0.0025935,                   0,            0.006898,            0.006898,            0.006898
                  96,             0.01477,           0.0053876,                   0,             0.99812,             0.99914,             0.99498,              0.9081,            0.011327,           0.0025995,                   0,            0.006865,            0.006865,            0.006865
                  97,            0.014589,           0.0053369,                   0,             0.99819,                   1,             0.99497,             0.90838,            0.011256,           0.0026028,                   0,            0.006832,            0.006832,            0.006832
                  98,            0.014531,            0.005297,                   0,             0.99818,                   1,             0.99497,             0.90801,            0.011169,           0.0025969,                   0,            0.006799,            0.006799,            0.006799
                  99,            0.014599,           0.0053957,                   0,             0.99809,                   1,             0.99497,              0.9085,            0.011139,           0.0025926,                   0,            0.006766,            0.006766,            0.006766
                 100,            0.014396,           0.0053001,                   0,             0.99803,                   1,             0.99498,             0.90813,             0.01117,            0.002585,                   0,            0.006733,            0.006733,            0.006733
                 101,            0.014393,           0.0054388,                   0,             0.99814,                   1,             0.99498,             0.90884,            0.011127,           0.0025878,                   0,              0.0067,              0.0067,              0.0067
                 102,            0.014266,           0.0053351,                   0,             0.99815,                   1,             0.99497,             0.90986,            0.011085,           0.0025816,                   0,            0.006667,            0.006667,            0.006667
                 103,            0.014267,           0.0053004,                   0,             0.99816,                   1,             0.99497,              0.9088,            0.011031,           0.0025834,                   0,            0.006634,            0.006634,            0.006634
                 104,            0.014408,           0.0053455,                   0,             0.99817,                   1,             0.99497,             0.90948,            0.011052,           0.0025819,                   0,            0.006601,            0.006601,            0.006601
                 105,            0.014281,           0.0052529,                   0,             0.99726,             0.99914,             0.99497,             0.90867,            0.011068,           0.0025778,                   0,            0.006568,            0.006568,            0.006568
                 106,            0.014228,           0.0052431,                   0,              0.9973,             0.99914,             0.99497,             0.91014,            0.011071,           0.0025625,                   0,            0.006535,            0.006535,            0.006535
                 107,            0.014177,           0.0053184,                   0,             0.99815,                   1,             0.99499,             0.91109,            0.011077,           0.0025607,                   0,            0.006502,            0.006502,            0.006502
                 108,            0.014319,            0.005322,                   0,             0.99864,                   1,             0.99499,             0.91008,            0.011099,           0.0025565,                   0,            0.006469,            0.006469,            0.006469
                 109,            0.014163,           0.0052421,                   0,             0.99809,             0.99914,             0.99499,             0.91114,            0.011092,           0.0025454,                   0,            0.006436,            0.006436,            0.006436
                 110,             0.01431,           0.0052626,                   0,              0.9981,             0.99914,             0.99499,             0.91028,            0.011113,           0.0025554,                   0,            0.006403,            0.006403,            0.006403
                 111,             0.01419,           0.0052766,                   0,             0.99861,                   1,             0.99499,             0.90924,            0.011141,           0.0025581,                   0,             0.00637,             0.00637,             0.00637
                 112,            0.014077,           0.0052841,                   0,             0.99819,                   1,             0.99499,              0.9102,            0.011132,           0.0025608,                   0,            0.006337,            0.006337,            0.006337
                 113,            0.014244,           0.0053262,                   0,             0.99819,                   1,             0.99497,             0.90962,            0.011143,           0.0025726,                   0,            0.006304,            0.006304,            0.006304
                 114,            0.014305,           0.0052901,                   0,             0.99819,                   1,             0.99497,             0.91134,            0.011148,            0.002575,                   0,            0.006271,            0.006271,            0.006271
                 115,            0.014179,           0.0051852,                   0,             0.99819,                   1,             0.99497,             0.91092,            0.011167,           0.0025728,                   0,            0.006238,            0.006238,            0.006238
                 116,            0.014254,           0.0051758,                   0,             0.99819,                   1,             0.99494,             0.91114,             0.01114,           0.0025676,                   0,            0.006205,            0.006205,            0.006205
                 117,            0.014093,           0.0051392,                   0,              0.9982,                   1,             0.99489,             0.91303,            0.011102,           0.0025657,                   0,            0.006172,            0.006172,            0.006172
                 118,             0.01403,           0.0052388,                   0,             0.99818,                   1,             0.99482,             0.91239,              0.0111,           0.0025676,                   0,            0.006139,            0.006139,            0.006139
                 119,            0.013868,           0.0052691,                   0,             0.99817,                   1,             0.99479,             0.91226,            0.011064,           0.0025657,                   0,            0.006106,            0.006106,            0.006106
                 120,            0.013993,           0.0052516,                   0,             0.99817,                   1,             0.99477,             0.91239,            0.011057,            0.002563,                   0,            0.006073,            0.006073,            0.006073
                 121,             0.01375,           0.0051945,                   0,             0.99818,                   1,             0.99478,             0.91187,            0.011055,           0.0025596,                   0,             0.00604,             0.00604,             0.00604
                 122,            0.014047,           0.0052489,                   0,             0.99819,                   1,             0.99485,             0.91243,            0.011053,           0.0025602,                   0,            0.006007,            0.006007,            0.006007
                 123,            0.013975,           0.0051849,                   0,              0.9982,                   1,             0.99491,             0.91182,            0.011037,           0.0025591,                   0,            0.005974,            0.005974,            0.005974
                 124,            0.013795,           0.0051916,                   0,              0.9982,                   1,             0.99491,             0.91088,            0.011038,           0.0025635,                   0,            0.005941,            0.005941,            0.005941
                 125,            0.013722,           0.0052239,                   0,             0.99818,                   1,             0.99487,             0.91072,            0.011044,           0.0025628,                   0,            0.005908,            0.005908,            0.005908
                 126,            0.013751,           0.0050369,                   0,              0.9974,             0.99914,             0.99487,             0.91188,            0.011052,             0.00256,                   0,            0.005875,            0.005875,            0.005875
                 127,            0.013895,           0.0050792,                   0,             0.99739,             0.99914,             0.99489,             0.91085,            0.011054,           0.0025588,                   0,            0.005842,            0.005842,            0.005842
                 128,            0.013911,           0.0050983,                   0,              0.9974,             0.99914,             0.99494,             0.91109,            0.011042,           0.0025559,                   0,            0.005809,            0.005809,            0.005809
                 129,            0.013918,           0.0051111,                   0,             0.99739,             0.99914,             0.99494,             0.91215,             0.01103,           0.0025546,                   0,            0.005776,            0.005776,            0.005776
                 130,            0.013859,           0.0051381,                   0,             0.99733,                   1,             0.99496,              0.9116,            0.011024,           0.0025554,                   0,            0.005743,            0.005743,            0.005743
                 131,            0.013867,            0.005085,                   0,             0.99652,             0.99914,             0.99497,             0.91033,            0.011035,           0.0025559,                   0,             0.00571,             0.00571,             0.00571
                 132,            0.013748,           0.0050919,                   0,             0.99652,             0.99914,             0.99497,             0.91094,            0.011021,           0.0025529,                   0,            0.005677,            0.005677,            0.005677
                 133,            0.013609,           0.0051271,                   0,             0.99734,                   1,             0.99497,             0.91152,            0.011009,           0.0025494,                   0,            0.005644,            0.005644,            0.005644
                 134,            0.013779,           0.0051095,                   0,             0.99734,                   1,             0.99497,              0.9115,            0.010994,           0.0025474,                   0,            0.005611,            0.005611,            0.005611
                 135,            0.013948,           0.0051451,                   0,             0.99733,                   1,             0.99497,             0.91126,            0.010983,           0.0025433,                   0,            0.005578,            0.005578,            0.005578
                 136,            0.013572,           0.0050883,                   0,             0.99734,                   1,             0.99497,             0.91259,            0.010982,           0.0025414,                   0,            0.005545,            0.005545,            0.005545
                 137,            0.013677,           0.0050311,                   0,             0.99734,                   1,             0.99497,              0.9128,             0.01098,           0.0025428,                   0,            0.005512,            0.005512,            0.005512
                 138,            0.013741,           0.0050944,                   0,             0.99734,                   1,             0.99497,             0.91258,               0.011,           0.0025432,                   0,            0.005479,            0.005479,            0.005479
                 139,            0.013526,           0.0050034,                   0,             0.99734,                   1,             0.99497,             0.91261,             0.01101,           0.0025422,                   0,            0.005446,            0.005446,            0.005446
                 140,            0.013661,           0.0049765,                   0,             0.99734,                   1,             0.99497,             0.91309,            0.011016,           0.0025423,                   0,            0.005413,            0.005413,            0.005413
                 141,            0.013565,           0.0050548,                   0,             0.99734,                   1,             0.99497,             0.91336,            0.011014,            0.002544,                   0,             0.00538,             0.00538,             0.00538
                 142,            0.013569,           0.0051468,                   0,             0.99734,                   1,             0.99497,             0.91377,             0.01102,           0.0025439,                   0,            0.005347,            0.005347,            0.005347
                 143,            0.013482,           0.0050042,                   0,             0.99734,                   1,             0.99497,             0.91348,             0.01102,           0.0025459,                   0,            0.005314,            0.005314,            0.005314
                 144,            0.013403,           0.0050968,                   0,             0.99734,                   1,             0.99497,             0.91372,            0.011019,           0.0025463,                   0,            0.005281,            0.005281,            0.005281
                 145,            0.013474,           0.0050408,                   0,             0.99733,                   1,             0.99498,             0.91322,            0.011015,           0.0025488,                   0,            0.005248,            0.005248,            0.005248
                 146,            0.013356,           0.0049581,                   0,             0.99733,                   1,             0.99497,             0.91344,            0.011012,            0.002551,                   0,            0.005215,            0.005215,            0.005215
                 147,            0.013395,           0.0050518,                   0,             0.99733,                   1,             0.99497,             0.91363,            0.011011,           0.0025513,                   0,            0.005182,            0.005182,            0.005182
                 148,            0.013812,           0.0050404,                   0,             0.99732,                   1,             0.99497,             0.91352,            0.011012,           0.0025514,                   0,            0.005149,            0.005149,            0.005149
                 149,            0.013332,           0.0050385,                   0,             0.99731,                   1,             0.99497,             0.91445,             0.01101,           0.0025504,                   0,            0.005116,            0.005116,            0.005116
                 150,            0.013309,           0.0050405,                   0,             0.99732,                   1,             0.99497,             0.91379,             0.01101,           0.0025498,                   0,            0.005083,            0.005083,            0.005083
                 151,            0.013265,           0.0049326,                   0,             0.99733,                   1,             0.99497,             0.91351,            0.011009,           0.0025488,                   0,             0.00505,             0.00505,             0.00505
                 152,            0.013229,           0.0049049,                   0,             0.99733,                   1,             0.99497,             0.91415,            0.011012,           0.0025485,                   0,            0.005017,            0.005017,            0.005017
                 153,            0.013321,           0.0049259,                   0,             0.99647,             0.99914,             0.99497,             0.91376,            0.011017,           0.0025474,                   0,            0.004984,            0.004984,            0.004984
                 154,            0.013284,            0.004935,                   0,             0.99733,                   1,             0.99497,               0.914,            0.011021,           0.0025486,                   0,            0.004951,            0.004951,            0.004951
                 155,             0.01307,           0.0049683,                   0,             0.99733,                   1,             0.99497,              0.9135,            0.011023,           0.0025484,                   0,            0.004918,            0.004918,            0.004918
                 156,            0.013039,           0.0050067,                   0,             0.99733,                   1,             0.99497,             0.91449,            0.011019,           0.0025488,                   0,            0.004885,            0.004885,            0.004885
                 157,            0.013128,           0.0049559,                   0,             0.99733,                   1,             0.99497,             0.91457,            0.011015,           0.0025485,                   0,            0.004852,            0.004852,            0.004852
                 158,            0.013141,           0.0048738,                   0,             0.99733,                   1,             0.99497,             0.91396,            0.011013,           0.0025478,                   0,            0.004819,            0.004819,            0.004819
                 159,            0.013233,           0.0049552,                   0,             0.99733,                   1,             0.99497,             0.91487,            0.011013,           0.0025473,                   0,            0.004786,            0.004786,            0.004786
                 160,            0.013195,           0.0048942,                   0,             0.99733,                   1,             0.99497,             0.91392,            0.011012,           0.0025469,                   0,            0.004753,            0.004753,            0.004753
                 161,            0.012961,           0.0049788,                   0,             0.99733,                   1,             0.99497,             0.91415,            0.011014,           0.0025461,                   0,             0.00472,             0.00472,             0.00472
                 162,            0.013153,           0.0049012,                   0,             0.99733,                   1,             0.99497,             0.91386,            0.011016,           0.0025464,                   0,            0.004687,            0.004687,            0.004687
                 163,            0.013312,           0.0049265,                   0,             0.99733,                   1,             0.99497,             0.91352,            0.011012,           0.0025454,                   0,            0.004654,            0.004654,            0.004654
                 164,            0.013144,           0.0049188,                   0,             0.99733,                   1,             0.99497,             0.91463,            0.011004,           0.0025444,                   0,            0.004621,            0.004621,            0.004621
                 165,            0.013175,           0.0048739,                   0,             0.99733,                   1,             0.99497,             0.91458,            0.010999,           0.0025439,                   0,            0.004588,            0.004588,            0.004588
                 166,            0.012857,           0.0048568,                   0,             0.99733,                   1,             0.99497,             0.91439,            0.010997,           0.0025448,                   0,            0.004555,            0.004555,            0.004555
                 167,            0.012838,           0.0048828,                   0,             0.99734,                   1,             0.99497,               0.914,            0.010991,           0.0025443,                   0,            0.004522,            0.004522,            0.004522
                 168,            0.013292,           0.0049253,                   0,             0.99734,                   1,             0.99497,             0.91353,            0.010989,           0.0025439,                   0,            0.004489,            0.004489,            0.004489
                 169,            0.012887,           0.0048247,                   0,             0.99734,                   1,             0.99497,             0.91282,            0.010984,           0.0025436,                   0,            0.004456,            0.004456,            0.004456
                 170,             0.01284,           0.0048823,                   0,             0.99734,                   1,             0.99497,             0.91283,            0.010978,           0.0025433,                   0,            0.004423,            0.004423,            0.004423
                 171,            0.012731,           0.0048639,                   0,             0.99734,                   1,             0.99497,             0.91296,            0.010976,           0.0025438,                   0,             0.00439,             0.00439,             0.00439
                 172,            0.012727,           0.0048705,                   0,             0.99734,                   1,             0.99497,               0.913,            0.010973,           0.0025433,                   0,            0.004357,            0.004357,            0.004357
                 173,            0.012832,           0.0047832,                   0,             0.99736,                   1,             0.99497,             0.91308,             0.01097,           0.0025432,                   0,            0.004324,            0.004324,            0.004324
                 174,            0.012892,           0.0048508,                   0,             0.99737,                   1,             0.99497,             0.91305,            0.010967,           0.0025428,                   0,            0.004291,            0.004291,            0.004291
                 175,            0.012813,           0.0048399,                   0,             0.99738,                   1,             0.99497,             0.91304,            0.010962,           0.0025423,                   0,            0.004258,            0.004258,            0.004258
                 176,            0.012735,           0.0048044,                   0,             0.99738,                   1,             0.99497,              0.9134,             0.01096,           0.0025426,                   0,            0.004225,            0.004225,            0.004225
                 177,            0.012809,           0.0048988,                   0,             0.99739,                   1,             0.99497,             0.91333,            0.010958,            0.002543,                   0,            0.004192,            0.004192,            0.004192
                 178,            0.012824,           0.0047634,                   0,             0.99738,                   1,             0.99498,             0.91325,            0.010957,           0.0025427,                   0,            0.004159,            0.004159,            0.004159
                 179,            0.012854,           0.0048099,                   0,             0.99737,                   1,             0.99498,              0.9135,            0.010957,           0.0025433,                   0,            0.004126,            0.004126,            0.004126
                 180,            0.012949,           0.0048714,                   0,             0.99737,                   1,             0.99497,             0.91363,            0.010954,            0.002543,                   0,            0.004093,            0.004093,            0.004093
                 181,              0.0128,           0.0047036,                   0,             0.99737,                   1,             0.99497,             0.91381,            0.010952,           0.0025435,                   0,             0.00406,             0.00406,             0.00406
                 182,             0.01269,            0.004783,                   0,             0.99737,                   1,             0.99498,             0.91384,            0.010949,           0.0025434,                   0,            0.004027,            0.004027,            0.004027
                 183,            0.012713,           0.0047667,                   0,             0.99737,                   1,             0.99498,             0.91346,            0.010948,           0.0025437,                   0,            0.003994,            0.003994,            0.003994
                 184,             0.01261,           0.0047792,                   0,             0.99737,                   1,             0.99497,             0.91439,            0.010945,           0.0025438,                   0,            0.003961,            0.003961,            0.003961
                 185,            0.012716,           0.0047396,                   0,             0.99738,                   1,             0.99498,             0.91409,            0.010946,           0.0025445,                   0,            0.003928,            0.003928,            0.003928
                 186,             0.01257,            0.004724,                   0,             0.99736,                   1,             0.99498,             0.91384,            0.010945,           0.0025442,                   0,            0.003895,            0.003895,            0.003895
                 187,            0.012516,           0.0047418,                   0,             0.99735,                   1,             0.99499,             0.91395,            0.010945,           0.0025444,                   0,            0.003862,            0.003862,            0.003862
                 188,            0.012374,            0.004712,                   0,             0.99734,                   1,             0.99499,             0.91407,            0.010948,           0.0025442,                   0,            0.003829,            0.003829,            0.003829
                 189,            0.012457,            0.004698,                   0,             0.99734,                   1,             0.99498,              0.9141,            0.010949,           0.0025439,                   0,            0.003796,            0.003796,            0.003796
                 190,            0.012559,           0.0047053,                   0,             0.99734,                   1,             0.99498,             0.91361,            0.010951,           0.0025435,                   0,            0.003763,            0.003763,            0.003763
                 191,            0.012491,           0.0047176,                   0,             0.99734,                   1,             0.99499,             0.91387,             0.01095,           0.0025429,                   0,             0.00373,             0.00373,             0.00373
                 192,            0.012384,           0.0047605,                   0,             0.99734,                   1,             0.99499,             0.91401,            0.010949,           0.0025429,                   0,            0.003697,            0.003697,            0.003697
                 193,            0.012383,           0.0046504,                   0,             0.99734,                   1,             0.99499,             0.91366,            0.010948,           0.0025429,                   0,            0.003664,            0.003664,            0.003664
                 194,            0.012589,           0.0046605,                   0,             0.99734,                   1,             0.99499,              0.9135,            0.010945,            0.002542,                   0,            0.003631,            0.003631,            0.003631
                 195,            0.012354,            0.004741,                   0,             0.99734,                   1,             0.99499,             0.91373,            0.010944,           0.0025416,                   0,            0.003598,            0.003598,            0.003598
                 196,            0.012412,            0.004704,                   0,             0.99734,                   1,             0.99499,             0.91373,            0.010947,           0.0025418,                   0,            0.003565,            0.003565,            0.003565
                 197,            0.012338,           0.0047081,                   0,             0.99734,                   1,             0.99499,             0.91382,            0.010947,           0.0025415,                   0,            0.003532,            0.003532,            0.003532
                 198,            0.012255,           0.0046978,                   0,             0.99738,                   1,             0.99499,             0.91351,            0.010949,           0.0025414,                   0,            0.003499,            0.003499,            0.003499
                 199,            0.012272,           0.0046479,                   0,             0.99738,                   1,             0.99499,             0.91365,             0.01095,           0.0025411,                   0,            0.003466,            0.003466,            0.003466
                 200,             0.01219,           0.0047049,                   0,              0.9974,                   1,             0.99499,             0.91412,             0.01095,           0.0025408,                   0,            0.003433,            0.003433,            0.003433
                 201,             0.01222,           0.0045659,                   0,             0.99742,                   1,             0.99499,             0.91456,             0.01095,           0.0025407,                   0,              0.0034,              0.0034,              0.0034
                 202,            0.012231,           0.0046113,                   0,              0.9978,                   1,             0.99499,             0.91448,            0.010953,           0.0025411,                   0,            0.003367,            0.003367,            0.003367
                 203,            0.011994,           0.0046471,                   0,             0.99794,                   1,             0.99499,             0.91422,            0.010954,           0.0025413,                   0,            0.003334,            0.003334,            0.003334
                 204,            0.012114,           0.0045864,                   0,             0.99805,                   1,             0.99499,             0.91413,            0.010955,           0.0025409,                   0,            0.003301,            0.003301,            0.003301
                 205,            0.012297,            0.004637,                   0,             0.99805,                   1,             0.99499,              0.9145,            0.010954,           0.0025408,                   0,            0.003268,            0.003268,            0.003268
                 206,             0.01206,           0.0045128,                   0,             0.99802,                   1,             0.99499,              0.9145,            0.010953,           0.0025403,                   0,            0.003235,            0.003235,            0.003235
                 207,               0.012,           0.0045272,                   0,             0.99803,                   1,             0.99499,             0.91438,            0.010954,           0.0025405,                   0,            0.003202,            0.003202,            0.003202
                 208,            0.012112,            0.004562,                   0,             0.99801,                   1,             0.99499,             0.91432,            0.010956,           0.0025407,                   0,            0.003169,            0.003169,            0.003169
                 209,            0.012216,           0.0045591,                   0,             0.99802,                   1,             0.99499,             0.91433,            0.010956,           0.0025406,                   0,            0.003136,            0.003136,            0.003136
                 210,            0.012027,           0.0046101,                   0,             0.99803,                   1,             0.99499,             0.91408,            0.010956,           0.0025409,                   0,            0.003103,            0.003103,            0.003103
                 211,            0.011977,           0.0045801,                   0,             0.99804,                   1,             0.99499,             0.91423,            0.010956,           0.0025412,                   0,             0.00307,             0.00307,             0.00307
                 212,            0.011975,             0.00455,                   0,             0.99804,                   1,             0.99499,              0.9146,            0.010958,           0.0025414,                   0,            0.003037,            0.003037,            0.003037
                 213,             0.01189,           0.0044928,                   0,             0.99805,                   1,             0.99499,             0.91458,            0.010956,           0.0025409,                   0,            0.003004,            0.003004,            0.003004
                 214,            0.011836,           0.0044764,                   0,             0.99804,                   1,             0.99499,             0.91456,            0.010957,           0.0025407,                   0,            0.002971,            0.002971,            0.002971
                 215,            0.011704,           0.0044843,                   0,             0.99805,                   1,             0.99499,             0.91429,            0.010959,            0.002541,                   0,            0.002938,            0.002938,            0.002938
                 216,            0.011824,           0.0044645,                   0,             0.99808,                   1,             0.99499,             0.91444,            0.010961,           0.0025411,                   0,            0.002905,            0.002905,            0.002905
                 217,            0.011971,           0.0045643,                   0,              0.9981,                   1,             0.99499,             0.91452,            0.010963,           0.0025414,                   0,            0.002872,            0.002872,            0.002872
                 218,            0.011939,           0.0044964,                   0,             0.99809,                   1,             0.99499,             0.91485,            0.010965,           0.0025416,                   0,            0.002839,            0.002839,            0.002839
                 219,            0.011854,           0.0044678,                   0,             0.99803,                   1,             0.99499,             0.91487,            0.010964,           0.0025417,                   0,            0.002806,            0.002806,            0.002806
                 220,            0.011617,           0.0045181,                   0,             0.99805,                   1,             0.99499,             0.91476,            0.010965,           0.0025416,                   0,            0.002773,            0.002773,            0.002773
                 221,            0.011724,           0.0045644,                   0,             0.99806,                   1,             0.99498,             0.91477,            0.010966,           0.0025418,                   0,             0.00274,             0.00274,             0.00274
                 222,            0.011727,           0.0045252,                   0,             0.99808,                   1,             0.99498,             0.91457,            0.010969,            0.002542,                   0,            0.002707,            0.002707,            0.002707
                 223,            0.011509,           0.0044444,                   0,             0.99809,                   1,             0.99498,             0.91499,            0.010972,           0.0025424,                   0,            0.002674,            0.002674,            0.002674
                 224,            0.011775,            0.004536,                   0,              0.9981,                   1,             0.99498,             0.91483,            0.010972,           0.0025428,                   0,            0.002641,            0.002641,            0.002641
                 225,             0.01165,           0.0044512,                   0,              0.9981,                   1,             0.99498,             0.91504,            0.010974,           0.0025426,                   0,            0.002608,            0.002608,            0.002608
                 226,            0.011533,           0.0044252,                   0,             0.99811,                   1,             0.99498,             0.91588,             0.01097,           0.0025421,                   0,            0.002575,            0.002575,            0.002575
                 227,            0.011548,           0.0045058,                   0,             0.99811,                   1,             0.99498,             0.91546,            0.010972,           0.0025422,                   0,            0.002542,            0.002542,            0.002542
                 228,            0.011607,           0.0044254,                   0,             0.99811,                   1,             0.99498,             0.91559,            0.010972,           0.0025423,                   0,            0.002509,            0.002509,            0.002509
                 229,            0.011545,           0.0044675,                   0,              0.9981,                   1,             0.99498,             0.91608,            0.010974,           0.0025429,                   0,            0.002476,            0.002476,            0.002476
                 230,            0.011475,           0.0045133,                   0,              0.9981,                   1,             0.99498,             0.91613,            0.010972,           0.0025429,                   0,            0.002443,            0.002443,            0.002443
                 231,             0.01129,           0.0044078,                   0,             0.99809,                   1,             0.99498,             0.91597,            0.010971,           0.0025429,                   0,             0.00241,             0.00241,             0.00241
                 232,             0.01145,           0.0044432,                   0,             0.99809,                   1,             0.99498,             0.91627,            0.010973,           0.0025435,                   0,            0.002377,            0.002377,            0.002377
                 233,             0.01139,           0.0043395,                   0,             0.99808,                   1,             0.99499,             0.91624,            0.010975,           0.0025437,                   0,            0.002344,            0.002344,            0.002344
                 234,            0.011395,           0.0043548,                   0,             0.99809,                   1,             0.99498,             0.91572,            0.010976,           0.0025443,                   0,            0.002311,            0.002311,            0.002311
                 235,            0.011353,           0.0044201,                   0,             0.99809,                   1,             0.99498,             0.91529,            0.010978,           0.0025444,                   0,            0.002278,            0.002278,            0.002278
                 236,             0.01127,           0.0042876,                   0,             0.99808,                   1,             0.99498,             0.91528,            0.010978,           0.0025449,                   0,            0.002245,            0.002245,            0.002245
                 237,            0.011427,           0.0043455,                   0,             0.99807,                   1,             0.99498,             0.91557,            0.010979,            0.002545,                   0,            0.002212,            0.002212,            0.002212
                 238,            0.011427,           0.0043985,                   0,             0.99807,                   1,             0.99498,             0.91561,            0.010978,           0.0025449,                   0,            0.002179,            0.002179,            0.002179
                 239,            0.011393,           0.0043076,                   0,             0.99807,                   1,             0.99498,             0.91566,            0.010977,           0.0025443,                   0,            0.002146,            0.002146,            0.002146
                 240,            0.011488,           0.0043851,                   0,             0.99807,                   1,             0.99499,             0.91596,            0.010975,            0.002544,                   0,            0.002113,            0.002113,            0.002113
                 241,            0.011215,           0.0042922,                   0,             0.99805,                   1,             0.99499,             0.91612,            0.010976,           0.0025439,                   0,             0.00208,             0.00208,             0.00208
                 242,            0.011253,            0.004271,                   0,             0.99806,                   1,             0.99499,               0.916,            0.010974,           0.0025434,                   0,            0.002047,            0.002047,            0.002047
                 243,            0.011057,           0.0043443,                   0,             0.99807,                   1,             0.99499,             0.91574,            0.010975,           0.0025436,                   0,            0.002014,            0.002014,            0.002014
                 244,            0.011007,           0.0042789,                   0,              0.9981,                   1,             0.99499,             0.91597,            0.010976,           0.0025431,                   0,            0.001981,            0.001981,            0.001981
                 245,            0.011113,            0.004224,                   0,             0.99809,                   1,             0.99499,             0.91594,            0.010976,           0.0025433,                   0,            0.001948,            0.001948,            0.001948
                 246,            0.010993,            0.004227,                   0,              0.9981,                   1,             0.99499,             0.91563,            0.010977,           0.0025432,                   0,            0.001915,            0.001915,            0.001915
                 247,            0.011018,           0.0043453,                   0,             0.99809,                   1,             0.99499,             0.91576,            0.010979,           0.0025434,                   0,            0.001882,            0.001882,            0.001882
                 248,             0.01121,           0.0043722,                   0,              0.9981,                   1,             0.99499,             0.91598,            0.010981,           0.0025433,                   0,            0.001849,            0.001849,            0.001849
                 249,            0.010937,            0.004268,                   0,             0.99809,                   1,             0.99499,             0.91627,            0.010984,            0.002544,                   0,            0.001816,            0.001816,            0.001816
                 250,            0.010799,           0.0042374,                   0,             0.99808,                   1,             0.99499,             0.91625,            0.010985,           0.0025439,                   0,            0.001783,            0.001783,            0.001783
                 251,            0.010991,           0.0042257,                   0,             0.99808,                   1,             0.99499,             0.91609,            0.010986,           0.0025444,                   0,             0.00175,             0.00175,             0.00175
                 252,            0.010986,           0.0042667,                   0,             0.99808,                   1,             0.99499,             0.91623,            0.010985,           0.0025441,                   0,            0.001717,            0.001717,            0.001717
                 253,            0.010958,           0.0041915,                   0,             0.99808,                   1,             0.99499,             0.91585,            0.010986,           0.0025443,                   0,            0.001684,            0.001684,            0.001684
                 254,            0.010908,           0.0042048,                   0,             0.99808,                   1,             0.99499,             0.91585,            0.010984,           0.0025438,                   0,            0.001651,            0.001651,            0.001651
                 255,            0.010853,           0.0041973,                   0,             0.99819,                   1,             0.99499,             0.91606,            0.010982,           0.0025436,                   0,            0.001618,            0.001618,            0.001618
                 256,            0.010864,           0.0042185,                   0,             0.99818,                   1,             0.99499,             0.91584,            0.010983,           0.0025431,                   0,            0.001585,            0.001585,            0.001585
                 257,             0.01082,           0.0041963,                   0,             0.99818,                   1,             0.99499,              0.9159,            0.010985,           0.0025433,                   0,            0.001552,            0.001552,            0.001552
                 258,            0.010851,           0.0041164,                   0,             0.99818,                   1,             0.99499,             0.91574,            0.010987,           0.0025436,                   0,            0.001519,            0.001519,            0.001519
                 259,             0.01086,           0.0041367,                   0,             0.99818,                   1,             0.99499,             0.91581,            0.010989,           0.0025435,                   0,            0.001486,            0.001486,            0.001486
                 260,            0.010879,           0.0041087,                   0,             0.99819,                   1,             0.99499,             0.91571,            0.010989,           0.0025435,                   0,            0.001453,            0.001453,            0.001453
                 261,            0.010715,           0.0041743,                   0,             0.99818,                   1,             0.99499,             0.91587,            0.010988,           0.0025438,                   0,             0.00142,             0.00142,             0.00142
                 262,            0.010548,            0.004243,                   0,             0.99822,                   1,             0.99499,              0.9158,            0.010991,           0.0025443,                   0,            0.001387,            0.001387,            0.001387
                 263,            0.010654,           0.0042112,                   0,             0.99826,                   1,             0.99499,             0.91539,            0.010993,           0.0025445,                   0,            0.001354,            0.001354,            0.001354
                 264,            0.010387,           0.0040974,                   0,             0.99842,                   1,             0.99498,              0.9165,            0.010997,           0.0025449,                   0,            0.001321,            0.001321,            0.001321
                 265,            0.010596,           0.0040702,                   0,              0.9984,                   1,             0.99498,             0.91619,            0.010999,           0.0025447,                   0,            0.001288,            0.001288,            0.001288
                 266,            0.010542,           0.0041145,                   0,             0.99832,                   1,             0.99499,             0.91657,            0.010999,           0.0025443,                   0,            0.001255,            0.001255,            0.001255
                 267,             0.01045,           0.0041907,                   0,             0.99849,                   1,             0.99498,             0.91591,            0.011001,           0.0025446,                   0,            0.001222,            0.001222,            0.001222
                 268,            0.010356,           0.0041458,                   0,             0.99848,                   1,             0.99498,             0.91602,            0.011005,           0.0025449,                   0,            0.001189,            0.001189,            0.001189
                 269,            0.010503,           0.0040174,                   0,             0.99841,                   1,             0.99498,             0.91604,            0.011005,           0.0025447,                   0,            0.001156,            0.001156,            0.001156
                 270,            0.010362,           0.0040894,                   0,              0.9985,                   1,             0.99498,             0.91597,            0.011007,           0.0025446,                   0,            0.001123,            0.001123,            0.001123
                 271,            0.010301,           0.0040492,                   0,             0.99863,                   1,             0.99498,             0.91607,             0.01101,           0.0025447,                   0,             0.00109,             0.00109,             0.00109
                 272,            0.010365,           0.0040162,                   0,             0.99873,                   1,             0.99498,             0.91656,            0.011007,           0.0025442,                   0,            0.001057,            0.001057,            0.001057
                 273,            0.010264,           0.0040099,                   0,              0.9988,                   1,             0.99498,              0.9161,             0.01101,           0.0025447,                   0,            0.001024,            0.001024,            0.001024
                 274,            0.010337,           0.0040706,                   0,              0.9988,                   1,             0.99498,             0.91599,            0.011011,           0.0025447,                   0,            0.000991,            0.000991,            0.000991
                 275,            0.010223,           0.0041638,                   0,             0.99881,                   1,             0.99498,             0.91671,            0.011014,           0.0025449,                   0,            0.000958,            0.000958,            0.000958
                 276,            0.010036,           0.0039949,                   0,             0.99882,                   1,             0.99498,             0.91587,            0.011018,           0.0025452,                   0,            0.000925,            0.000925,            0.000925
                 277,            0.010104,           0.0039709,                   0,             0.99881,                   1,             0.99498,             0.91594,            0.011018,           0.0025445,                   0,            0.000892,            0.000892,            0.000892
                 278,            0.010126,           0.0039443,                   0,             0.99878,                   1,             0.99498,             0.91579,             0.01102,           0.0025445,                   0,            0.000859,            0.000859,            0.000859
                 279,            0.010013,           0.0039145,                   0,             0.99876,                   1,             0.99498,             0.91622,            0.011023,           0.0025444,                   0,            0.000826,            0.000826,            0.000826
                 280,            0.010158,           0.0040149,                   0,             0.99882,                   1,             0.99498,             0.91656,            0.011026,           0.0025455,                   0,            0.000793,            0.000793,            0.000793
                 281,           0.0099961,           0.0039675,                   0,             0.99883,                   1,             0.99498,             0.91664,            0.011028,           0.0025458,                   0,             0.00076,             0.00076,             0.00076
                 282,            0.010015,           0.0039032,                   0,             0.99883,                   1,             0.99498,             0.91648,            0.011028,           0.0025455,                   0,            0.000727,            0.000727,            0.000727
                 283,           0.0098448,           0.0039923,                   0,             0.99884,                   1,             0.99498,             0.91656,             0.01103,           0.0025461,                   0,            0.000694,            0.000694,            0.000694
                 284,                0.01,           0.0038723,                   0,             0.99887,                   1,             0.99498,              0.9167,            0.011033,           0.0025467,                   0,            0.000661,            0.000661,            0.000661
                 285,           0.0098863,           0.0039229,                   0,             0.99888,                   1,             0.99498,             0.91693,            0.011035,           0.0025468,                   0,            0.000628,            0.000628,            0.000628
                 286,           0.0097682,           0.0038817,                   0,              0.9989,                   1,             0.99498,              0.9172,            0.011038,           0.0025476,                   0,            0.000595,            0.000595,            0.000595
                 287,           0.0096859,           0.0039179,                   0,              0.9989,                   1,             0.99498,             0.91687,            0.011039,           0.0025475,                   0,            0.000562,            0.000562,            0.000562
                 288,           0.0097333,           0.0038593,                   0,             0.99891,                   1,             0.99498,             0.91691,            0.011039,           0.0025473,                   0,            0.000529,            0.000529,            0.000529
                 289,           0.0096166,           0.0038198,                   0,              0.9989,                   1,             0.99498,             0.91733,            0.011039,           0.0025473,                   0,            0.000496,            0.000496,            0.000496
                 290,           0.0098776,           0.0038475,                   0,             0.99889,                   1,             0.99498,             0.91745,            0.011041,           0.0025476,                   0,            0.000463,            0.000463,            0.000463
                 291,           0.0098475,           0.0038959,                   0,              0.9989,                   1,             0.99498,             0.91788,            0.011044,           0.0025479,                   0,             0.00043,             0.00043,             0.00043
                 292,           0.0098084,           0.0039298,                   0,             0.99891,                   1,             0.99498,             0.91738,            0.011046,           0.0025482,                   0,            0.000397,            0.000397,            0.000397
                 293,           0.0096296,           0.0038656,                   0,             0.99891,                   1,             0.99499,             0.91777,            0.011047,           0.0025481,                   0,            0.000364,            0.000364,            0.000364
                 294,           0.0095271,           0.0037705,                   0,             0.99893,                   1,             0.99498,             0.91769,            0.011052,           0.0025494,                   0,            0.000331,            0.000331,            0.000331
                 295,           0.0096472,            0.003785,                   0,             0.99894,                   1,             0.99498,             0.91766,            0.011058,           0.0025511,                   0,            0.000298,            0.000298,            0.000298
                 296,           0.0095074,           0.0038166,                   0,             0.99894,                   1,             0.99499,             0.91801,            0.011061,           0.0025517,                   0,            0.000265,            0.000265,            0.000265
                 297,             0.00955,           0.0037983,                   0,             0.99895,                   1,             0.99499,             0.91765,            0.011062,           0.0025519,                   0,            0.000232,            0.000232,            0.000232
                 298,           0.0094998,           0.0038302,                   0,             0.99895,                   1,             0.99498,             0.91783,            0.011064,           0.0025519,                   0,            0.000199,            0.000199,            0.000199
                 299,           0.0094834,           0.0038347,                   0,             0.99895,                   1,             0.99498,             0.91802,             0.01107,           0.0025529,                   0,            0.000166,            0.000166,            0.000166
